date,cat1,words1,cat2,words2,cat3,words3,cat4,words4
2026-09-08,PARTS OF THE HOUSE,"BUTTON, EIGHT-FOOT, FOUR-FOOT, TWELVE-FOOT",TYPES OF CURLING SHOTS,"DRAW, FREEZE, GUARD, TAKEOUT",EQUIPMENT ON THE ICE,"BRUSH, GRIPPER, SLIDER, STONE",WORDS BEFORE 'LINE' IN CURLING,"BACK, CENTRE, HOG, TEE"
2026-09-09,TRADITIONAL TEAM POSITIONS,"LEAD, SECOND, THIRD, SKIP",BASIC CURLING SHOTS,"PEEL, RAISE, TAP, WICK",ICE CONDITIONS,"FALL, FROST, PEBBLE, RUN",THINGS A SKIP MIGHT CALL FOR,"CLEAN, HARD, SWEEP, WHOA"
2026-09-10,SCORING OUTCOMES OF AN END,"BLANK, FORCE, MULTIPLE, STEAL",SECTIONS OF A CURLING STONE,"BOLT, HANDLE, RUNNING SURFACE, STRIKING BAND",ACTIONS THAT CAN CAUSE A VIOLATION,"BURN, DOUBLE TOUCH, HOG, OVERTIME",WORDS STARTING WITH 'FREE',"AGENT, GUARD, STYLE, WHEEL"
2026-09-11,TYPES OF GUARDS,"CENTRE, CORNER, HIGH, TIGHT",CURLING DELIVERY PHASES,"EXTENSION, RELEASE, SLIDE, STANCE",HISTORIC SCOTTISH CURLING SITES,"DUDDINGSTON, KILSYTH, PARTICK, STIRLING",WORDS THAT CAN FOLLOW 'OUT',"CURL, END, TURN, WEIGHT"
2026-09-12,CANADIAN NATIONAL CHAMPIONSHIPS,"BRIER, HEARTS, MASTERS, SENIORS",ROLES OF THE VICE-SKIP,"ALTERNATE, CO-SKIP, MATE, MEASURE",RESULTS OF A MISSED SHOT,"FLASH, HEAVY, NARROW, WIDE",SLANG FOR CURLING STONES,"CHEESE, GRANITE, POTS, ROCKS"
2026-09-13,PURPOSES OF SWEEPING,"CLEAN, EXTEND, HOLD, REDUCE",TYPES OF HITS,"DOUBLE, HIT-AND-ROLL, JAM, RUNBACK",FAMOUS CANADIAN SKIPS,"FERBEY, GUSHUE, HOWARD, KOE",THINGS MEASURED IN CURLING,"ANGLE, DISTANCE, PERCENTAGE, TIME"
2026-09-14,COUNTRIES WITH OLYMPIC CURLING GOLD,"CANADA, GREAT BRITAIN, SWEDEN, SWITZERLAND",TYPES OF TURNS ON DELIVERY,"CLOCKWISE, COUNTER, IN-TURN, OUT-TURN",CURLING FACILITY AREAS,"HACK, HOUSE, LOUNGE, SHED",WORDS THAT CAN PRECEDE 'STONE',"BUTTON, CAP, CORNER, MILE"
2026-09-15,WOMEN'S WORLD CHAMPION SKIPS,"HASSELBORG, HOMAN, JONES, TIRINZONI",BRUSH HEAD MATERIALS,"FABRIC, FOAM, HORSEHAIR, NYLON",MIXED DOUBLES TERMS,"DEFICIT, OPTION, PLACED, POWERPLAY",THINGS FOUND ON A CURLING SHEET,"BUTTON, DIVIDER, HACK, PEBBLE"
2026-09-16,ICE BEHAVIOUR CHARACTERISTICS,"BACKUP, CURL, FALL, RUN",TACTICAL REASONS TO THROW A DRAW,"BURIED, FREEZE, NOSE, SPLIT",PARTS OF A CURLING SHOE,"EYELET, GRIPPER, SLIDER, TEFLON",WORDS THAT FOLLOW 'CURLING',"BROOM, CLUB, IRON, STONE"
2026-09-17,HISTORIC BRIER TROPHY SYMBOLS,"CREST, EMBLEM, HEART, TANKARD",SHOT WEIGHTS LIGHT TO HEAVY,"BUMPER, CONTROL, DRAW, HACK",FAMOUS SCOTTISH MEN'S SKIPS,"BREWSTER, HARDIE, MCMILLAN, MOUAT",WORDS MEANING 'TO REMOVE A STONE',"CHIP, HIT, KILL, PEEL"
2026-09-18,BODY PARTS USED IN A CURLING SLIDE,"FOOT, HEEL, KNEE, TOE",SHOT WEIGHTS HEAVIER THAN DRAW,"FIRM, NORMAL, PEEL, TAKEOUT",WHEELCHAIR CURLING SPECIFICS,"BRAKE, CUE, EXTENDER, STICK",WORDS THAT RHYME WITH 'HACK',"BACK, CRACK, PACK, TRACK"
2026-09-19,AILSA CRAIG GRANITE VARIETIES,"BLUE, COMMON, GREEN, RED",PROTECTED AREAS IN FREE GUARD ZONE,"BITER, CENTRE, CORNER, WING",DEFENSIVE STRATEGIES,"BLANK, CLEAN, FORCE, PEEL",WORDS BEFORE 'WEIGHT',"BACK, DRAW, HACK, TAKE"
2026-09-20,TOOLS USED BY CURLING UMPIRES,"GAUGE, LASER, MICROMETER, WAND",CURLING APPAREL,"GLOVES, MITTS, PANTS, VEST",SWEDISH CURLING LEGENDS,"EDIN, HASSELBORG, LINDAHL, NORBERG",ACTIONS INVOLVING THE BROOM,"BRUSH, CLEAN, SIGNAL, STACK"
2026-09-21,RINGS FORMING THE HOUSE,"BUTTON, EIGHT, FOUR, TWELVE",POINT VALUES SCORED IN AN END,"DEUCE, FOUR, SINGLE, THREE",COUNTRIES IN WORLD MEN'S PLAYOFFS,"GERMANY, ITALY, NORWAY, USA",WORDS THAT CAN FOLLOW 'SWEEP',"CLEAN, HARD, OFF, UP"
2026-09-22,BONSPIEL TRADITIONS,"BANQUET, BRACKET, CALCUTTA, PIN",ICE PREPARATION ACTIONS,"FLOOD, NIP, PEBBLE, SCRAPE",ROLES OF THE LEAD,"BRUSH, COMMUNICATE, DELIVER, SETUP",WORDS MEANING 'ACCIDENTAL CONTACT WITH STONE',"BURN, FOUL, KICK, TOUCH"
2026-09-23,REASONS TO CALL A TIMEOUT,"ANGLE, BROOM, STRATEGY, WEIGHT",GRAND SLAM OF CURLING EVENTS,"MASTERS, NATIONAL, OPEN, PLAYERS",STONE POSITIONS RELATIVE TO GUARDS,"BURIED, CORNER, EXPOSED, OPEN",THINGS WITH 'RINGS',"BINDER, CIRCUS, HOUSE, TREE"
2026-09-24,WOMEN'S OLYMPIC GOLD MEDALLIST SKIPS,"HASSELBORG, JONES, MARTIN, MUIRHEAD",ICE REFRIGERATION SYSTEM PARTS,"BRINE, CHILLER, COMPRESSOR, PIPE",SHOTS REQUIRING FINESSE WEIGHT,"COME-AROUND, DRAW, FREEZE, TAP",WORDS STARTING WITH 'HOG',"CALL, LINE, NOSE, ROAST"
2026-09-25,ANGLE-BASED CURLING SHOTS,"DEFLECTION, PROMOTION, RAISE, WICK",STRATEGIES TO KEEP HOUSE CLEAN,"FLUSHING, HITTING, PEELING, TICKING",THINGS THAT ALTER STONE CURL,"DUST, FROST, ROTATION, SPEED",FOUR-LETTER CURLING TERMS,"DRAW, HACK, LINE, RING"
2026-09-26,FAMOUS SWISS SKIPS,"DE CRUZ, SCHWALLER, STOECKLI, TIRINZONI",PURPOSES OF A FREEZE SHOT,"DEFEND, JAM, NEUTRALIZE, TIE",HISTORIC CURLING TROPHY FORMS,"BOWL, BROOM, CUP, TANKARD",ACTIONS OF A SKIP,"CALL, DIRECT, READ, THROW"
2026-09-27,VERBAL CALLS FOR DIRECTIONAL SWEEPING,"CARVE, FINISH, HOLD, STRAIGHT",ICE SURFACE IMPERFECTIONS,"FLAT, FROST, PICK, RUT",COMPETITIVE CURLING FORMATS,"KNOCKOUT, PAGE, POOL, ROUND-ROBIN",WORDS BEFORE 'END',"BLANK, EXTRA, FINAL, TIE"
2026-09-28,HISTORICAL SCOTTISH CURLING SITES,"CARSEBRECK, LOCH LEVEN, MEARNS, ROSSLYN",ROTATION OF A DELIVERED STONE,"CLOCKWISE, HANDLE, TURN, TWIST",SHOTS HIDING BEHIND GUARDS,"BURIED, COME-AROUND, DRAW-AROUND, SNEAK",WORDS ASSOCIATED WITH 'SHEET',"BED, ICE, METAL, MUSIC"
2026-09-29,MEASURING TOOLS IN CURLING,"COMPASS, LASER, STICK, WAND",INTERVALS TIMED BY CURLERS,"BACK-TO-HOG, HOG-TO-HOG, SPLIT, THINKING",FAMOUS CANADIAN SECOND PLAYERS,"HEBERT, LAING, MEAD, SAVILL",WORDS THAT FOLLOW 'SPLIT',"END, HOUSE, RINGS, SECOND"
2026-09-30,GOALS WHEN PLAYING WITH HAMMER,"AGGRESSIVE, DEUCE, PATIENT, SPLIT",GOALS WHEN PLAYING WITHOUT HAMMER,"CLUTTER, FORCE, GUARD, STEAL",PARTS OF A CURLING BROOM,"BOLT, CAP, HEAD, SHAFT",WORDS RHYMING WITH 'STONE',"BONE, CONE, HONE, ZONE"
2026-10-01,CURLING STONE CRAFTING TERMS,"INSERT, LATHE, POLISH, QUARRY",PEBBLE WATER DROPLET SIZES,"COARSE, DUAL, FINE, MEDIUM",CANADIAN BRIER MULTI-CHAMPIONS,"FERBEY, GUSHUE, HOWARD, KOE",WORDS THAT FOLLOW 'CURL',"BAR, IRON, PATH, UP"
2026-10-02,WHEELCHAIR CURLING SPECIFICS,"BRAKE, CUE, EXTENSION, NO-SWEEP",WICK SHOT CHARACTERISTICS,"ANGLE, DEFLECTION, GLANCE, GRAZE",NORDIC CURLING NATIONS,"DENMARK, FINLAND, NORWAY, SWEDEN",WORDS BEFORE 'PLAY',"FAIR, FOUL, POWER, TRIPLE"
2026-10-03,PHASES OF STONE RELEASE,"EXTEND, FLICK, ROTATE, SET",DEBRIS CAUSING A STONE TO PICK,"DIRT, FIBRE, HAIR, ICE",ADJECTIVES FOR AN OPEN HOUSE,"BARE, CLEAN, CLEAR, EMPTY",WORDS MEANING 'NOT REACHING THE HOUSE',"HOGGED, LIGHT, SHORT, STALLED"
2026-10-04,HISTORIC SCOTTIES CONTENDERS,"ALBERTA, CANADA, MANITOBA, ONTARIO",METHODS TO COMMUNICATE ICE SPEED,"SECONDS, SPLIT, T-WEIGHT, WATCH",TAKEOUT SHOTS,"CHIP, DOUBLE, HIT-AND-ROLL, NOSE",THINGS WITH 'BUTTONS',"ELEVATOR, HOUSE, REMOTE, SHIRT"
2026-10-05,ICE TECHNICIAN'S TOOLS,"BLADE, NIPPER, PEBBLER, SCRAPER",DESCRIPTIONS OF STONE TRAJECTORY,"DUMP, FINISH, RUN, STRAIGHTEN",ASIAN WOMEN'S SKIPS,"FUJISAWA, GIM, KIM, WANG",WORDS ENDING IN 'LINE',"BACK, CENTRE, HOG, TEE"
2026-10-06,CRITICAL MATCH SITUATIONS,"EXTRA, FINAL, HAMMER, TIEBREAKER",TOURNAMENT DRAW STYLES,"KNOCKOUT, OLYMPIC, PAGE, SEEDED",CURLING EQUIPMENT BRANDS,"ASHAM, BALANCEPLUS, GOLDLINE, HARDLINE",WORDS AFTER 'ICE',"AGE, BOX, CAP, MAKER"
2026-10-07,CURLING SOCIAL TRADITIONS,"BANQUET, BROOMSTACK, HANDSHAKE, PINS",DOUBLE TAKEOUT VARIATIONS,"ANGLE, INSIDE, OUTSIDE, SPLIT",MEN'S OLYMPIC GOLD SKIPS,"EDIN, GUSHUE, MARTIN, SHUSTER",WORDS THAT FOLLOW 'DRAW',"BACK, POKER, SHOT, WEIGHT"
2026-10-08,NUMBERS OF PROTECTED FGZ STONES HISTORICALLY,"FIVE, FOUR, NONE, THREE",DUTIES OF THE FIFTH / ALTERNATE,"CHART, OBSERVE, PRACTICE, WARMUP",PATHS A CURLING STONE CAN TAKE,"BACKUP, FALL, RUN, WIDE",WORDS STARTING WITH 'TEE',"BALL, BIRD, LINE, SHIRT"
2026-10-09,ANALYTICS METRICS IN CURLING,"ACCURACY, CONVERSION, FORCE, STEAL",QUALITIES OF A CURLING SLIDER,"GLIDE, HARDNESS, SPEED, TEFLON",HISTORIC SCOTTISH CURLING TOWNS,"AIRDRIE, CURRIE, KILSYTH, PERTH",WORDS BEFORE 'STICK',"BROOM, CUE, DELIVERY, HOCKEY"
2026-10-10,NOTABLE ITALIAN CURLERS,"ARMAN, CONSTANTINI, MOSANER, RETORNAZ",SHOT CONTACT ANGLES,"BLUNT, CUT, FLIC, THIN",FACTORS AFFECTING ICE SPEED,"HUMIDITY, PEBBLE, TEMPERATURE, WEAR",WORDS PRECEDING 'GUARD',"BACK, BODY, CENTRE, CORNER"
2026-10-11,CANADIAN PROVINCIAL CHAMPIONSHIP TROPHIES,"BOSTON, PURPLE, SILVER, TANKARD",UNUSUAL STONE RUNNING TRAITS,"CUTTER, DUMPER, RUNNER, STRAIGHT",RESULTS AFTER A HIT SHOT,"BLANK, BURIED, ROLL-OUT, STAY",WORDS RHYMING WITH 'PEEL',"DEAL, HEEL, MEAL, STEEL"
2026-10-12,RESPONSIBILITIES OF FRONT-END PLAYERS,"CLEANING, JUDGING, SWEEPING, THROWING",AGGRESSIVE PEELING ACTIONS,"BLANKING, PEELING, TICKING, TRASHING",CIRCLES IN THE TARGET AREA,"BUTTON, EIGHT, FOUR, TWELVE",WORDS MEANING 'RESTING AGAINST ANOTHER STONE',"FROZEN, JAMMED, PARKED, SNOOKERED"
2026-10-13,WORLD CURLING CHAMPIONSHIP DISCIPLINES,"JUNIOR, MEN, MIXED, WOMEN",ITEMS ON A COMPETITIVE CURLING JACKET,"BADGE, CREST, FLAG, SPONSOR",DELIVERY DEFECTS,"DRIFT, FLICK, PUSH, SLOW",WORDS AFTER 'BUTTON',"DOWN, HOLE, NOSE, SHOT"
2026-10-14,SOUNDS IN A CURLING CLUB,"CHATTER, CLACK, ROAR, YELL",COMPONENTS OF THE HACK,"ANCHOR, FOOTHOLD, GRIP, RUBBER",CANADIAN MEN'S VICE-SKIPS,"FRY, LAING, NICHOLS, SAVILL",WORDS PRECEDING 'WEIGHT',"BUMPER, CONTROL, DRAW, TAKEOUT"
2026-10-15,MIXED DOUBLES POWER PLAY OPTIONS,"CORNER, GUARD, SPLIT, WIDE",RESULTS OF STONE-TO-STONE CONTACT,"DEFLECTION, GLANCE, NOSE, WICK",PACIFIC-ASIA CURLING POWERS,"AUSTRALIA, CHINA, JAPAN, KOREA",WORDS STARTING WITH 'BROOM',"CLOSET, HANDLE, STACK, STICK"
2026-10-16,ICE CREW TASKS,"MEASURE, MOP, PEBBLE, SCRAPE",DESCRIPTIONS OF FAST CURLING ICE,"KEEN, QUICK, SHARP, SLICK",FAMOUS CANADIAN THIRDS (WOMEN),"FERGUSON, LAWES, MISKEW, OVERTON-CLAPHAM",WORDS MEANING 'TO REMOVE',"CLEAR, ELIMINATE, HIT, TAKE"
2026-10-17,DEFENSIVE ZONES ON THE SHEET,"CENTRE, CORNER, FLANK, WING",WAYS TO SCORE TWO POINTS,"DRAW, RAISE, SPLIT, TAP",MATERIALS IN CURLING CLOTHING,"FLEECE, NYLON, SPANDEX, TEFLON",WORDS RHYMING WITH 'GRIP',"CHIP, FLIP, SLIP, TRIP"
2026-10-18,YOUTH CURLING AGE DIVISIONS,"BANTAM, JUNIOR, JUVENILE, U18",SHOT AVAILABILITY,"BURIED, GUARDED, OPEN, SPLIT",HOST CITIES OF MAJOR CURLING EVENTS,"BASEL, CALGARY, EDMONTON, PERTH",WORDS BEFORE 'SHOT',"BANK, CHEAP, DRAW, SNAP"
2026-10-19,CURLING STONE PHYSICAL ATTRIBUTES,"BAND, DENSITY, GRANITE, STRIKE",CAUSES OF STONE DRIFT,"DUMPING, FLICKING, NARROW, PUSHING",ELITE MEN'S SKIPS OF THE 2020S,"EDIN, GUSHUE, MOUAT, RETORNAZ",WORDS ASSOCIATED WITH 'COLD',"CHILL, FREEZE, FROST, ICE"
2026-10-20,MULTIPLE SCOTTIES CHAMPION SKIPS,"EINARSON, HOMAN, JONES, SCHMIRLER",ICE TIMING REFERENCE POINTS,"BACK, HOG, SPLIT, TEE",ELEMENTS OF A STRATEGY TIMEOUT,"ANGLE, BROOM, CALL, WEIGHT",WORDS THAT CAN FOLLOW 'FREE',"FALL, FORM, GUARD, STYLE"
2026-10-21,EFFECTS OF DIRECTIONAL SWEEPING,"CARVE, DISTANCE, FINISH, HOLD",ICE SCRAPER CUTTING ANGLES,"CROSS, DIAGONAL, STRAIGHT, ZIGZAG",HISTORIC CANADIAN MEN'S THIRDS,"MEAD, NICHOLS, PARKER, WALCHUK",WORDS BEFORE 'LINE',"BASE, FINISH, GOAL, HOG"
2026-10-22,WORLD CURLING FEDERATION DISCIPLINES,"JUNIOR, MIXED, SENIOR, WHEELCHAIR",STONE SPEED DESCRIPTIONS,"CONTROL, FIRM, HEAVY, KEEN",ADVERSE SCOREBOARD OUTCOMES,"BLANK, BURN, FLASH, STEAL",WORDS ENDING IN 'STONE',"BLARNEY, CORNER, GEM, TOMB"
2026-10-23,SPIRIT OF CURLING PRINCIPLES,"COURTESY, FAIRNESS, RESPECT, SPORTSMANSHIP",DELIVERY STABILIZATION AIDS,"CRUTCH, SLED, STABILIZER, STICK",CANADIAN CURLING VENUES,"ARENA, GARDENS, PAVILION, SADDLEDOME",WORDS BEFORE 'HOUSE',"CLUB, FULL, OPEN, POWER"
2026-10-24,GRAND SLAM OF CURLING EVENTS,"CHALLENGE, MASTERS, NATIONAL, PLAYERS",WAYS TO REMOVE OPPONENT STONES,"CHIP, HIT, PEEL, RUNBACK",ARENA ICE PLANT GEAR,"BRINE, COMPRESSOR, DEHUMIDIFIER, SENSOR",WORDS THAT CAN FOLLOW 'BACK',"BOARD, LINE, RING, TRACK"
2026-10-25,EUROPEAN WOMEN'S CURLING POWERS,"DENMARK, SCOTLAND, SWEDEN, SWITZERLAND",MARKINGS AND ZONES ON THE ICE,"HACK, HOUSE, RINGS, WALKWAY",VOCAL SWEEPING CALLS,"GO, HARD, HURRY, YES",WORDS PRECEDING 'END',"BOOK, DEAD, SPLIT, TIE"
2026-10-26,SKIPS WITH SIX OR MORE CANADIAN TITLES,"FERBEY, GUSHUE, HOWARD, JONES",ICE SURFACE TROUBLE SPOTS,"FALL, FLAT, HOLE, TROUGH",POST-GAME CURLING TRADITIONS,"BROOMSTACK, DRINK, HANDSHAKE, TOAST",WORDS MEANING 'TO TOUCH LIGHTLY',"BRUSH, GRAZE, KISS, TICK"